,Country,Region,Year,average_carbon_tax,average_ETS
0,Albania,Europe & Central Asia,1990,,
1,Albania,Europe & Central Asia,1991,,
2,Albania,Europe & Central Asia,1992,,
3,Albania,Europe & Central Asia,1993,,
4,Albania,Europe & Central Asia,1994,,
5,Albania,Europe & Central Asia,1995,,
6,Albania,Europe & Central Asia,1996,,
7,Albania,Europe & Central Asia,1997,,
8,Albania,Europe & Central Asia,1998,,
9,Albania,Europe & Central Asia,1999,,
10,Albania,Europe & Central Asia,2000,,
11,Albania,Europe & Central Asia,2001,,
12,Albania,Europe & Central Asia,2002,,
13,Albania,Europe & Central Asia,2003,,
14,Albania,Europe & Central Asia,2004,,
15,Albania,Europe & Central Asia,2005,,
16,Albania,Europe & Central Asia,2006,,
17,Albania,Europe & Central Asia,2007,,
18,Albania,Europe & Central Asia,2008,,
19,Albania,Europe & Central Asia,2009,,
20,Albania,Europe & Central Asia,2010,,
21,Albania,Europe & Central Asia,2011,,
22,Albania,Europe & Central Asia,2012,,
23,Albania,Europe & Central Asia,2013,,
24,Albania,Europe & Central Asia,2014,,
25,Albania,Europe & Central Asia,2015,,
26,Albania,Europe & Central Asia,2016,,
27,Albania,Europe & Central Asia,2017,,
28,Albania,Europe & Central Asia,2018,,
29,Albania,Europe & Central Asia,2019,,
30,Albania,Europe & Central Asia,2020,,
31,Albania,Europe & Central Asia,2021,,
32,Albania,Europe & Central Asia,2022,,
33,Albania,Europe & Central Asia,2023,,
34,Albania,Europe & Central Asia,2024,13.11135507,
35,Argentina,Latin America & Caribbean,1990,,
36,Argentina,Latin America & Caribbean,1991,,
37,Argentina,Latin America & Caribbean,1992,,
38,Argentina,Latin America & Caribbean,1993,,
39,Argentina,Latin America & Caribbean,1994,,
40,Argentina,Latin America & Caribbean,1995,,
41,Argentina,Latin America & Caribbean,1996,,
42,Argentina,Latin America & Caribbean,1997,,
43,Argentina,Latin America & Caribbean,1998,,
44,Argentina,Latin America & Caribbean,1999,,
45,Argentina,Latin America & Caribbean,2000,,
46,Argentina,Latin America & Caribbean,2001,,
47,Argentina,Latin America & Caribbean,2002,,
48,Argentina,Latin America & Caribbean,2003,,
49,Argentina,Latin America & Caribbean,2004,,
50,Argentina,Latin America & Caribbean,2005,,
51,Argentina,Latin America & Caribbean,2006,,
52,Argentina,Latin America & Caribbean,2007,,
53,Argentina,Latin America & Caribbean,2008,,
54,Argentina,Latin America & Caribbean,2009,,
55,Argentina,Latin America & Caribbean,2010,,
56,Argentina,Latin America & Caribbean,2011,,
57,Argentina,Latin America & Caribbean,2012,,
58,Argentina,Latin America & Caribbean,2013,,
59,Argentina,Latin America & Caribbean,2014,,
60,Argentina,Latin America & Caribbean,2015,,
61,Argentina,Latin America & Caribbean,2016,,
62,Argentina,Latin America & Caribbean,2017,,
63,Argentina,Latin America & Caribbean,2018,8.840802239428571,
64,Argentina,Latin America & Caribbean,2019,4.484132410799999,
65,Argentina,Latin America & Caribbean,2020,4.779796467100001,
66,Argentina,Latin America & Caribbean,2021,4.382268036,
67,Argentina,Latin America & Caribbean,2022,5.628904626,
68,Argentina,Latin America & Caribbean,2023,4.967207888,
69,Argentina,Latin America & Caribbean,2024,2.769450239,
70,Canada,North America,1990,,
71,Canada,North America,1991,,
72,Canada,North America,1992,,
73,Canada,North America,1993,,
74,Canada,North America,1994,,
75,Canada,North America,1995,,
76,Canada,North America,1996,,
77,Canada,North America,1997,,
78,Canada,North America,1998,,
79,Canada,North America,1999,,
80,Canada,North America,2000,,
81,Canada,North America,2001,,
82,Canada,North America,2002,,
83,Canada,North America,2003,,
84,Canada,North America,2004,,
85,Canada,North America,2005,,
86,Canada,North America,2006,,
87,Canada,North America,2007,,
88,Canada,North America,2008,,
89,Canada,North America,2009,,
90,Canada,North America,2010,,
91,Canada,North America,2011,,
92,Canada,North America,2012,,
93,Canada,North America,2013,,
94,Canada,North America,2014,,
95,Canada,North America,2015,,
96,Canada,North America,2016,,
97,Canada,North America,2017,,
98,Canada,North America,2018,,
99,Canada,North America,2019,14.99586332,
100,Canada,North America,2020,21.10149663,
101,Canada,North America,2021,31.8344608,31.8344608
102,Canada,North America,2022,39.96163683,39.96163683
103,Canada,North America,2023,48.03073967,48.03073967
104,Canada,North America,2024,58.94488653,58.94488653
105,Chile,Latin America & Caribbean,1990,,
106,Chile,Latin America & Caribbean,1991,,
107,Chile,Latin America & Caribbean,1992,,
108,Chile,Latin America & Caribbean,1993,,
109,Chile,Latin America & Caribbean,1994,,
110,Chile,Latin America & Caribbean,1995,,
111,Chile,Latin America & Caribbean,1996,,
112,Chile,Latin America & Caribbean,1997,,
113,Chile,Latin America & Caribbean,1998,,
114,Chile,Latin America & Caribbean,1999,,
115,Chile,Latin America & Caribbean,2000,,
116,Chile,Latin America & Caribbean,2001,,
117,Chile,Latin America & Caribbean,2002,,
118,Chile,Latin America & Caribbean,2003,,
119,Chile,Latin America & Caribbean,2004,,
120,Chile,Latin America & Caribbean,2005,,
121,Chile,Latin America & Caribbean,2006,,
122,Chile,Latin America & Caribbean,2007,,
123,Chile,Latin America & Caribbean,2008,,
124,Chile,Latin America & Caribbean,2009,,
125,Chile,Latin America & Caribbean,2010,,
126,Chile,Latin America & Caribbean,2011,,
127,Chile,Latin America & Caribbean,2012,,
128,Chile,Latin America & Caribbean,2013,,
129,Chile,Latin America & Caribbean,2014,,
130,Chile,Latin America & Caribbean,2015,,
131,Chile,Latin America & Caribbean,2016,,
132,Chile,Latin America & Caribbean,2017,5,
133,Chile,Latin America & Caribbean,2018,5,
134,Chile,Latin America & Caribbean,2019,5,
135,Chile,Latin America & Caribbean,2020,5,
136,Chile,Latin America & Caribbean,2021,5,
137,Chile,Latin America & Caribbean,2022,5,
138,Chile,Latin America & Caribbean,2023,5,
139,Chile,Latin America & Caribbean,2024,5,
140,Colombia,Latin America & Caribbean,1990,,
141,Colombia,Latin America & Caribbean,1991,,
142,Colombia,Latin America & Caribbean,1992,,
143,Colombia,Latin America & Caribbean,1993,,
144,Colombia,Latin America & Caribbean,1994,,
145,Colombia,Latin America & Caribbean,1995,,
146,Colombia,Latin America & Caribbean,1996,,
147,Colombia,Latin America & Caribbean,1997,,
148,Colombia,Latin America & Caribbean,1998,,
149,Colombia,Latin America & Caribbean,1999,,
150,Colombia,Latin America & Caribbean,2000,,
151,Colombia,Latin America & Caribbean,2001,,
152,Colombia,Latin America & Caribbean,2002,,
153,Colombia,Latin America & Caribbean,2003,,
154,Colombia,Latin America & Caribbean,2004,,
155,Colombia,Latin America & Caribbean,2005,,
156,Colombia,Latin America & Caribbean,2006,,
157,Colombia,Latin America & Caribbean,2007,,
158,Colombia,Latin America & Caribbean,2008,,
159,Colombia,Latin America & Caribbean,2009,,
160,Colombia,Latin America & Caribbean,2010,,
161,Colombia,Latin America & Caribbean,2011,,
162,Colombia,Latin America & Caribbean,2012,,
163,Colombia,Latin America & Caribbean,2013,,
164,Colombia,Latin America & Caribbean,2014,,
165,Colombia,Latin America & Caribbean,2015,,
166,Colombia,Latin America & Caribbean,2016,,
167,Colombia,Latin America & Caribbean,2017,5.207904198,
168,Colombia,Latin America & Caribbean,2018,5.67041516,
169,Colombia,Latin America & Caribbean,2019,5.172634562,
170,Colombia,Latin America & Caribbean,2020,4.244865787,
171,Colombia,Latin America & Caribbean,2021,0.001338004,
172,Colombia,Latin America & Caribbean,2022,5.013271992,
173,Colombia,Latin America & Caribbean,2023,5.055810445,
174,Colombia,Latin America & Caribbean,2024,6.678546744,
175,Denmark,Europe & Central Asia,1990,,
176,Denmark,Europe & Central Asia,1991,,
177,Denmark,Europe & Central Asia,1992,15.57,
178,Denmark,Europe & Central Asia,1993,16.23,
179,Denmark,Europe & Central Asia,1994,15.24,
180,Denmark,Europe & Central Asia,1995,18.41,
181,Denmark,Europe & Central Asia,1996,17.48,
182,Denmark,Europe & Central Asia,1997,15.72,
183,Denmark,Europe & Central Asia,1998,14.18,
184,Denmark,Europe & Central Asia,1999,14.55,
185,Denmark,Europe & Central Asia,2000,12.85,
186,Denmark,Europe & Central Asia,2001,11.84,
187,Denmark,Europe & Central Asia,2002,11.73,
188,Denmark,Europe & Central Asia,2003,14.66,
189,Denmark,Europe & Central Asia,2004,16.54,
190,Denmark,Europe & Central Asia,2005,15.65,
191,Denmark,Europe & Central Asia,2006,14.54,
192,Denmark,Europe & Central Asia,2007,16.29,
193,Denmark,Europe & Central Asia,2008,31.5,
194,Denmark,Europe & Central Asia,2009,27.15,
195,Denmark,Europe & Central Asia,2010,27.96,
196,Denmark,Europe & Central Asia,2011,30,
197,Denmark,Europe & Central Asia,2012,28.83,
198,Denmark,Europe & Central Asia,2013,28.24,
199,Denmark,Europe & Central Asia,2014,30.82,
200,Denmark,Europe & Central Asia,2015,24.47,
201,Denmark,Europe & Central Asia,2016,25.61,
202,Denmark,Europe & Central Asia,2017,24.7801806,
203,Denmark,Europe & Central Asia,2018,28.8180698,
204,Denmark,Europe & Central Asia,2019,26.38878418,
205,Denmark,Europe & Central Asia,2020,25.93302537,
206,Denmark,Europe & Central Asia,2021,28.14081443,
207,Denmark,Europe & Central Asia,2022,26.62427385,
208,Denmark,Europe & Central Asia,2023,26.52864568,
209,Denmark,Europe & Central Asia,2024,28.20494343,
210,Estonia,Europe & Central Asia,1990,,
211,Estonia,Europe & Central Asia,1991,,
212,Estonia,Europe & Central Asia,1992,,
213,Estonia,Europe & Central Asia,1993,,
214,Estonia,Europe & Central Asia,1994,,
215,Estonia,Europe & Central Asia,1995,,
216,Estonia,Europe & Central Asia,1996,,
217,Estonia,Europe & Central Asia,1997,,
218,Estonia,Europe & Central Asia,1998,,
219,Estonia,Europe & Central Asia,1999,,
220,Estonia,Europe & Central Asia,2000,0.3,
221,Estonia,Europe & Central Asia,2001,0.42,
222,Estonia,Europe & Central Asia,2002,0.41,
223,Estonia,Europe & Central Asia,2003,0.52,
224,Estonia,Europe & Central Asia,2004,0.59,
225,Estonia,Europe & Central Asia,2005,0.93,
226,Estonia,Europe & Central Asia,2006,1.21,
227,Estonia,Europe & Central Asia,2007,1.33,
228,Estonia,Europe & Central Asia,2008,2.34,
229,Estonia,Europe & Central Asia,2009,2.64,
230,Estonia,Europe & Central Asia,2010,2.7,
231,Estonia,Europe & Central Asia,2011,2.82,
232,Estonia,Europe & Central Asia,2012,2.66,
233,Estonia,Europe & Central Asia,2013,2.56,
234,Estonia,Europe & Central Asia,2014,2.75,
235,Estonia,Europe & Central Asia,2015,2.15,
236,Estonia,Europe & Central Asia,2016,2.23,
237,Estonia,Europe & Central Asia,2017,2.138202734,
238,Estonia,Europe & Central Asia,2018,2.47959911,
239,Estonia,Europe & Central Asia,2019,2.247198716,
240,Estonia,Europe & Central Asia,2020,2.18720061,
241,Estonia,Europe & Central Asia,2021,2.349200001,
242,Estonia,Europe & Central Asia,2022,2.2104,
243,Estonia,Europe & Central Asia,2023,2.175,
244,Estonia,Europe & Central Asia,2024,2.1498,
245,Finland,Europe & Central Asia,1990,,
246,Finland,Europe & Central Asia,1991,1.9,
247,Finland,Europe & Central Asia,1992,1.56,
248,Finland,Europe & Central Asia,1993,2.36,
249,Finland,Europe & Central Asia,1994,4.04,
250,Finland,Europe & Central Asia,1995,8.83,
251,Finland,Europe & Central Asia,1996,8.26,
252,Finland,Europe & Central Asia,1997,14.1,
253,Finland,Europe & Central Asia,1998,14.6,
254,Finland,Europe & Central Asia,1999,20.06,
255,Finland,Europe & Central Asia,2000,17.96,
256,Finland,Europe & Central Asia,2001,19.42,
257,Finland,Europe & Central Asia,2002,19.66,
258,Finland,Europe & Central Asia,2003,16.57,
259,Finland,Europe & Central Asia,2004,14.65,
260,Finland,Europe & Central Asia,2005,13.92,
261,Finland,Europe & Central Asia,2006,14.91,
262,Finland,Europe & Central Asia,2007,13.55,
263,Finland,Europe & Central Asia,2008,12.65,
264,Finland,Europe & Central Asia,2009,15.4,
265,Finland,Europe & Central Asia,2010,15.15,
266,Finland,Europe & Central Asia,2011,28.28,
267,Finland,Europe & Central Asia,2012,33.69,
268,Finland,Europe & Central Asia,2013,33.185,
269,Finland,Europe & Central Asia,2014,33.714999999999996,
270,Finland,Europe & Central Asia,2015,47.415,
271,Finland,Europe & Central Asia,2016,64.015,
272,Finland,Europe & Central Asia,2017,64.14608203,
273,Finland,Europe & Central Asia,2018,78.10737196,
274,Finland,Europe & Central Asia,2019,73.03395828000001,
275,Finland,Europe & Central Asia,2020,71.08401982,
276,Finland,Europe & Central Asia,2021,76.34900002500001,
277,Finland,Europe & Central Asia,2022,71.838,
278,Finland,Europe & Central Asia,2023,70.6875,
279,Finland,Europe & Central Asia,2024,82.54093624,
280,France,Europe & Central Asia,1990,,
281,France,Europe & Central Asia,1991,,
282,France,Europe & Central Asia,1992,,
283,France,Europe & Central Asia,1993,,
284,France,Europe & Central Asia,1994,,
285,France,Europe & Central Asia,1995,,
286,France,Europe & Central Asia,1996,,
287,France,Europe & Central Asia,1997,,
288,France,Europe & Central Asia,1998,,
289,France,Europe & Central Asia,1999,,
290,France,Europe & Central Asia,2000,,
291,France,Europe & Central Asia,2001,,
292,France,Europe & Central Asia,2002,,
293,France,Europe & Central Asia,2003,,
294,France,Europe & Central Asia,2004,,
295,France,Europe & Central Asia,2005,,
296,France,Europe & Central Asia,2006,,
297,France,Europe & Central Asia,2007,,
298,France,Europe & Central Asia,2008,,
299,France,Europe & Central Asia,2009,,
300,France,Europe & Central Asia,2010,,
301,France,Europe & Central Asia,2011,,
302,France,Europe & Central Asia,2012,,
303,France,Europe & Central Asia,2013,,
304,France,Europe & Central Asia,2014,9.65,
305,France,Europe & Central Asia,2015,15.59,
306,France,Europe & Central Asia,2016,24.56,
307,France,Europe & Central Asia,2017,32.6075917,
308,France,Europe & Central Asia,2018,55.29506015,
309,France,Europe & Central Asia,2019,50.11253137,
310,France,Europe & Central Asia,2020,48.7745736,
311,France,Europe & Central Asia,2021,52.38716002,
312,France,Europe & Central Asia,2022,49.29192,
313,France,Europe & Central Asia,2023,48.5025,
314,France,Europe & Central Asia,2024,47.94054,
315,Hungary,Europe & Central Asia,1990,,
316,Hungary,Europe & Central Asia,1991,,
317,Hungary,Europe & Central Asia,1992,,
318,Hungary,Europe & Central Asia,1993,,
319,Hungary,Europe & Central Asia,1994,,
320,Hungary,Europe & Central Asia,1995,,
321,Hungary,Europe & Central Asia,1996,,
322,Hungary,Europe & Central Asia,1997,,
323,Hungary,Europe & Central Asia,1998,,
324,Hungary,Europe & Central Asia,1999,,
325,Hungary,Europe & Central Asia,2000,,
326,Hungary,Europe & Central Asia,2001,,
327,Hungary,Europe & Central Asia,2002,,
328,Hungary,Europe & Central Asia,2003,,
329,Hungary,Europe & Central Asia,2004,,
330,Hungary,Europe & Central Asia,2005,,
331,Hungary,Europe & Central Asia,2006,,
332,Hungary,Europe & Central Asia,2007,,
333,Hungary,Europe & Central Asia,2008,,
334,Hungary,Europe & Central Asia,2009,,
335,Hungary,Europe & Central Asia,2010,,
336,Hungary,Europe & Central Asia,2011,,
337,Hungary,Europe & Central Asia,2012,,
338,Hungary,Europe & Central Asia,2013,,
339,Hungary,Europe & Central Asia,2014,,
340,Hungary,Europe & Central Asia,2015,,
341,Hungary,Europe & Central Asia,2016,,
342,Hungary,Europe & Central Asia,2017,,
343,Hungary,Europe & Central Asia,2018,,
344,Hungary,Europe & Central Asia,2019,,
345,Hungary,Europe & Central Asia,2020,,
346,Hungary,Europe & Central Asia,2021,,
347,Hungary,Europe & Central Asia,2022,,
348,Hungary,Europe & Central Asia,2023,,
349,Hungary,Europe & Central Asia,2024,38.6964,
350,Iceland,Europe & Central Asia,1990,,
351,Iceland,Europe & Central Asia,1991,,
352,Iceland,Europe & Central Asia,1992,,
353,Iceland,Europe & Central Asia,1993,,
354,Iceland,Europe & Central Asia,1994,,
355,Iceland,Europe & Central Asia,1995,,
356,Iceland,Europe & Central Asia,1996,,
357,Iceland,Europe & Central Asia,1997,,
358,Iceland,Europe & Central Asia,1998,,
359,Iceland,Europe & Central Asia,1999,,
360,Iceland,Europe & Central Asia,2000,,
361,Iceland,Europe & Central Asia,2001,,
362,Iceland,Europe & Central Asia,2002,,
363,Iceland,Europe & Central Asia,2003,,
364,Iceland,Europe & Central Asia,2004,,
365,Iceland,Europe & Central Asia,2005,,
366,Iceland,Europe & Central Asia,2006,,
367,Iceland,Europe & Central Asia,2007,,
368,Iceland,Europe & Central Asia,2008,,
369,Iceland,Europe & Central Asia,2009,,
370,Iceland,Europe & Central Asia,2010,8.635,
371,Iceland,Europe & Central Asia,2011,7.728,
372,Iceland,Europe & Central Asia,2012,6.998,
373,Iceland,Europe & Central Asia,2013,18.808,
374,Iceland,Europe & Central Asia,2014,20.4875,
375,Iceland,Europe & Central Asia,2015,16.6025,
376,Iceland,Europe & Central Asia,2016,19,
377,Iceland,Europe & Central Asia,2017,21.64312389,
378,Iceland,Europe & Central Asia,2018,37.47972771,
379,Iceland,Europe & Central Asia,2019,36.237069455000004,
380,Iceland,Europe & Central Asia,2020,21.1539822,
381,Iceland,Europe & Central Asia,2021,23.70328332,
382,Iceland,Europe & Central Asia,2022,24.23308972,
383,Iceland,Europe & Central Asia,2023,24.15342703,
384,Iceland,Europe & Central Asia,2024,24.22356216,
385,Ireland,Europe & Central Asia,1990,,
386,Ireland,Europe & Central Asia,1991,,
387,Ireland,Europe & Central Asia,1992,,
388,Ireland,Europe & Central Asia,1993,,
389,Ireland,Europe & Central Asia,1994,,
390,Ireland,Europe & Central Asia,1995,,
391,Ireland,Europe & Central Asia,1996,,
392,Ireland,Europe & Central Asia,1997,,
393,Ireland,Europe & Central Asia,1998,,
394,Ireland,Europe & Central Asia,1999,,
395,Ireland,Europe & Central Asia,2000,,
396,Ireland,Europe & Central Asia,2001,,
397,Ireland,Europe & Central Asia,2002,,
398,Ireland,Europe & Central Asia,2003,,
399,Ireland,Europe & Central Asia,2004,,
400,Ireland,Europe & Central Asia,2005,,
401,Ireland,Europe & Central Asia,2006,,
402,Ireland,Europe & Central Asia,2007,,
403,Ireland,Europe & Central Asia,2008,,
404,Ireland,Europe & Central Asia,2009,,
405,Ireland,Europe & Central Asia,2010,20.2,
406,Ireland,Europe & Central Asia,2011,21.21,
407,Ireland,Europe & Central Asia,2012,19.97,
408,Ireland,Europe & Central Asia,2013,25.68,
409,Ireland,Europe & Central Asia,2014,27.57,
410,Ireland,Europe & Central Asia,2015,21.51,
411,Ireland,Europe & Central Asia,2016,22.32,
412,Ireland,Europe & Central Asia,2017,21.38202734,
413,Ireland,Europe & Central Asia,2018,24.7959911,
414,Ireland,Europe & Central Asia,2019,22.47198716,
415,Ireland,Europe & Central Asia,2020,28.43360793,
416,Ireland,Europe & Central Asia,2021,39.34910001,
417,Ireland,Europe & Central Asia,2022,45.3132,
418,Ireland,Europe & Central Asia,2023,52.74375,
419,Ireland,Europe & Central Asia,2024,60.1944,
420,Japan,East Asia & Pacific,1990,,
421,Japan,East Asia & Pacific,1991,,
422,Japan,East Asia & Pacific,1992,,
423,Japan,East Asia & Pacific,1993,,
424,Japan,East Asia & Pacific,1994,,
425,Japan,East Asia & Pacific,1995,,
426,Japan,East Asia & Pacific,1996,,
427,Japan,East Asia & Pacific,1997,,
428,Japan,East Asia & Pacific,1998,,
429,Japan,East Asia & Pacific,1999,,
430,Japan,East Asia & Pacific,2000,,
431,Japan,East Asia & Pacific,2001,,
432,Japan,East Asia & Pacific,2002,,
433,Japan,East Asia & Pacific,2003,,
434,Japan,East Asia & Pacific,2004,,
435,Japan,East Asia & Pacific,2005,,
436,Japan,East Asia & Pacific,2006,,
437,Japan,East Asia & Pacific,2007,,
438,Japan,East Asia & Pacific,2008,,
439,Japan,East Asia & Pacific,2009,,
440,Japan,East Asia & Pacific,2010,,
441,Japan,East Asia & Pacific,2011,,
442,Japan,East Asia & Pacific,2012,1.15,
443,Japan,East Asia & Pacific,2013,1.01,
444,Japan,East Asia & Pacific,2014,1.84,
445,Japan,East Asia & Pacific,2015,1.59,
446,Japan,East Asia & Pacific,2016,2.82,
447,Japan,East Asia & Pacific,2017,2.579206433,
448,Japan,East Asia & Pacific,2018,2.739853937,
449,Japan,East Asia & Pacific,2019,2.601727731,
450,Japan,East Asia & Pacific,2020,2.686373292,
451,Japan,East Asia & Pacific,2021,2.608538677,
452,Japan,East Asia & Pacific,2022,2.36497545,
453,Japan,East Asia & Pacific,2023,2.16511837,
454,Japan,East Asia & Pacific,2024,1.905075808,
455,Latvia,Europe & Central Asia,1990,,
456,Latvia,Europe & Central Asia,1991,,
457,Latvia,Europe & Central Asia,1992,,
458,Latvia,Europe & Central Asia,1993,,
459,Latvia,Europe & Central Asia,1994,,
460,Latvia,Europe & Central Asia,1995,,
461,Latvia,Europe & Central Asia,1996,,
462,Latvia,Europe & Central Asia,1997,,
463,Latvia,Europe & Central Asia,1998,,
464,Latvia,Europe & Central Asia,1999,,
465,Latvia,Europe & Central Asia,2000,,
466,Latvia,Europe & Central Asia,2001,,
467,Latvia,Europe & Central Asia,2002,,
468,Latvia,Europe & Central Asia,2003,,
469,Latvia,Europe & Central Asia,2004,0.56,
470,Latvia,Europe & Central Asia,2005,0.55,
471,Latvia,Europe & Central Asia,2006,0.17,
472,Latvia,Europe & Central Asia,2007,0.18,
473,Latvia,Europe & Central Asia,2008,0.22,
474,Latvia,Europe & Central Asia,2009,0.55,
475,Latvia,Europe & Central Asia,2010,0.76,
476,Latvia,Europe & Central Asia,2011,1.29,
477,Latvia,Europe & Central Asia,2012,2.18,
478,Latvia,Europe & Central Asia,2013,3.65,
479,Latvia,Europe & Central Asia,2014,3.93,
480,Latvia,Europe & Central Asia,2015,3.76,
481,Latvia,Europe & Central Asia,2016,3.9,
482,Latvia,Europe & Central Asia,2017,4.810956152,
483,Latvia,Europe & Central Asia,2018,5.579097997,
484,Latvia,Europe & Central Asia,2019,5.056197112,
485,Latvia,Europe & Central Asia,2020,9.842402744,
486,Latvia,Europe & Central Asia,2021,14.09520001,
487,Latvia,Europe & Central Asia,2022,16.578,
488,Latvia,Europe & Central Asia,2023,16.3125,
489,Latvia,Europe & Central Asia,2024,16.1235,
490,Liechtenstein,Europe & Central Asia,1990,,
491,Liechtenstein,Europe & Central Asia,1991,,
492,Liechtenstein,Europe & Central Asia,1992,,
493,Liechtenstein,Europe & Central Asia,1993,,
494,Liechtenstein,Europe & Central Asia,1994,,
495,Liechtenstein,Europe & Central Asia,1995,,
496,Liechtenstein,Europe & Central Asia,1996,,
497,Liechtenstein,Europe & Central Asia,1997,,
498,Liechtenstein,Europe & Central Asia,1998,,
499,Liechtenstein,Europe & Central Asia,1999,,
500,Liechtenstein,Europe & Central Asia,2000,,
501,Liechtenstein,Europe & Central Asia,2001,,
502,Liechtenstein,Europe & Central Asia,2002,,
503,Liechtenstein,Europe & Central Asia,2003,,
504,Liechtenstein,Europe & Central Asia,2004,,
505,Liechtenstein,Europe & Central Asia,2005,,
506,Liechtenstein,Europe & Central Asia,2006,,
507,Liechtenstein,Europe & Central Asia,2007,,
508,Liechtenstein,Europe & Central Asia,2008,11.91,
509,Liechtenstein,Europe & Central Asia,2009,21.03,
510,Liechtenstein,Europe & Central Asia,2010,34.21,
511,Liechtenstein,Europe & Central Asia,2011,39.01,
512,Liechtenstein,Europe & Central Asia,2012,39.88,
513,Liechtenstein,Europe & Central Asia,2013,37.94,
514,Liechtenstein,Europe & Central Asia,2014,40.76,
515,Liechtenstein,Europe & Central Asia,2015,37.17,
516,Liechtenstein,Europe & Central Asia,2016,,
517,Liechtenstein,Europe & Central Asia,2017,83.91650714,
518,Liechtenstein,Europe & Central Asia,2018,100.9038747,
519,Liechtenstein,Europe & Central Asia,2019,96.46308635,
520,Liechtenstein,Europe & Central Asia,2020,99.44064919,
521,Liechtenstein,Europe & Central Asia,2021,101.4745521,
522,Liechtenstein,Europe & Central Asia,2022,129.8560762,
523,Liechtenstein,Europe & Central Asia,2023,130.8115768,
524,Liechtenstein,Europe & Central Asia,2024,132.122213,
525,Luxembourg,Europe & Central Asia,1990,,
526,Luxembourg,Europe & Central Asia,1991,,
527,Luxembourg,Europe & Central Asia,1992,,
528,Luxembourg,Europe & Central Asia,1993,,
529,Luxembourg,Europe & Central Asia,1994,,
530,Luxembourg,Europe & Central Asia,1995,,
531,Luxembourg,Europe & Central Asia,1996,,
532,Luxembourg,Europe & Central Asia,1997,,
533,Luxembourg,Europe & Central Asia,1998,,
534,Luxembourg,Europe & Central Asia,1999,,
535,Luxembourg,Europe & Central Asia,2000,,
536,Luxembourg,Europe & Central Asia,2001,,
537,Luxembourg,Europe & Central Asia,2002,,
538,Luxembourg,Europe & Central Asia,2003,,
539,Luxembourg,Europe & Central Asia,2004,,
540,Luxembourg,Europe & Central Asia,2005,,
541,Luxembourg,Europe & Central Asia,2006,,
542,Luxembourg,Europe & Central Asia,2007,,
543,Luxembourg,Europe & Central Asia,2008,,
544,Luxembourg,Europe & Central Asia,2009,,
545,Luxembourg,Europe & Central Asia,2010,,
546,Luxembourg,Europe & Central Asia,2011,,
547,Luxembourg,Europe & Central Asia,2012,,
548,Luxembourg,Europe & Central Asia,2013,,
549,Luxembourg,Europe & Central Asia,2014,,
550,Luxembourg,Europe & Central Asia,2015,,
551,Luxembourg,Europe & Central Asia,2016,,
552,Luxembourg,Europe & Central Asia,2017,,
553,Luxembourg,Europe & Central Asia,2018,,
554,Luxembourg,Europe & Central Asia,2019,,
555,Luxembourg,Europe & Central Asia,2020,,
556,Luxembourg,Europe & Central Asia,2021,40.12433601,
557,Luxembourg,Europe & Central Asia,2022,41.759982,
558,Luxembourg,Europe & Central Asia,2023,46.555875,
559,Luxembourg,Europe & Central Asia,2024,51.433965,
560,Mexico,Latin America & Caribbean,1990,,
561,Mexico,Latin America & Caribbean,1991,,
562,Mexico,Latin America & Caribbean,1992,,
563,Mexico,Latin America & Caribbean,1993,,
564,Mexico,Latin America & Caribbean,1994,,
565,Mexico,Latin America & Caribbean,1995,,
566,Mexico,Latin America & Caribbean,1996,,
567,Mexico,Latin America & Caribbean,1997,,
568,Mexico,Latin America & Caribbean,1998,,
569,Mexico,Latin America & Caribbean,1999,,
570,Mexico,Latin America & Caribbean,2000,,
571,Mexico,Latin America & Caribbean,2001,,
572,Mexico,Latin America & Caribbean,2002,,
573,Mexico,Latin America & Caribbean,2003,,
574,Mexico,Latin America & Caribbean,2004,,
575,Mexico,Latin America & Caribbean,2005,,
576,Mexico,Latin America & Caribbean,2006,,
577,Mexico,Latin America & Caribbean,2007,,
578,Mexico,Latin America & Caribbean,2008,,
579,Mexico,Latin America & Caribbean,2009,,
580,Mexico,Latin America & Caribbean,2010,,
581,Mexico,Latin America & Caribbean,2011,,
582,Mexico,Latin America & Caribbean,2012,,
583,Mexico,Latin America & Caribbean,2013,,
584,Mexico,Latin America & Caribbean,2014,,
585,Mexico,Latin America & Caribbean,2015,,
586,Mexico,Latin America & Caribbean,2016,2.1599999999999997,
587,Mexico,Latin America & Caribbean,2017,2.0618072745454543,
588,Mexico,Latin America & Caribbean,2018,2.261775166181818,
589,Mexico,Latin America & Caribbean,2019,2.251570529909091,
590,Mexico,Latin America & Caribbean,2020,1.819250658,
591,Mexico,Latin America & Caribbean,2021,4.182802558090909,0
592,Mexico,Latin America & Caribbean,2022,2.4912018976363637,0
593,Mexico,Latin America & Caribbean,2023,2.9534185860909092,0
594,Mexico,Latin America & Caribbean,2024,2.982522147181818,0
595,Netherlands,Europe & Central Asia,1990,0,
596,Netherlands,Europe & Central Asia,1991,0,
597,Netherlands,Europe & Central Asia,1992,0,
598,Netherlands,Europe & Central Asia,1993,0,
599,Netherlands,Europe & Central Asia,1994,0,
600,Netherlands,Europe & Central Asia,1995,0,
601,Netherlands,Europe & Central Asia,1996,0,
602,Netherlands,Europe & Central Asia,1997,0,
603,Netherlands,Europe & Central Asia,1998,0,
604,Netherlands,Europe & Central Asia,1999,0,
605,Netherlands,Europe & Central Asia,2000,0,
606,Netherlands,Europe & Central Asia,2001,0,
607,Netherlands,Europe & Central Asia,2002,0,
608,Netherlands,Europe & Central Asia,2003,0,
609,Netherlands,Europe & Central Asia,2004,0,
610,Netherlands,Europe & Central Asia,2005,0,
611,Netherlands,Europe & Central Asia,2006,0,
612,Netherlands,Europe & Central Asia,2007,0,
613,Netherlands,Europe & Central Asia,2008,0,
614,Netherlands,Europe & Central Asia,2009,0,
615,Netherlands,Europe & Central Asia,2010,0,
616,Netherlands,Europe & Central Asia,2011,0,
617,Netherlands,Europe & Central Asia,2012,0,
618,Netherlands,Europe & Central Asia,2013,0,
619,Netherlands,Europe & Central Asia,2014,0,
620,Netherlands,Europe & Central Asia,2015,0,
621,Netherlands,Europe & Central Asia,2016,0,
622,Netherlands,Europe & Central Asia,2017,,
623,Netherlands,Europe & Central Asia,2018,,
624,Netherlands,Europe & Central Asia,2019,,
625,Netherlands,Europe & Central Asia,2020,,
626,Netherlands,Europe & Central Asia,2021,35.23800001,
627,Netherlands,Europe & Central Asia,2022,46.1421,
628,Netherlands,Europe & Central Asia,2023,39.334875,
629,Netherlands,Europe & Central Asia,2024,45.414525,
630,Norway,Europe & Central Asia,1990,,
631,Norway,Europe & Central Asia,1991,81.245,
632,Norway,Europe & Central Asia,1992,110.3,
633,Norway,Europe & Central Asia,1993,94.565,
634,Norway,Europe & Central Asia,1994,92.86500000000001,
635,Norway,Europe & Central Asia,1995,108.285,
636,Norway,Europe & Central Asia,1996,105.315,
637,Norway,Europe & Central Asia,1997,102.465,
638,Norway,Europe & Central Asia,1998,88.53999999999999,
639,Norway,Europe & Central Asia,1999,86.33500000000001,
640,Norway,Europe & Central Asia,2000,70.33,
641,Norway,Europe & Central Asia,2001,55.135,
642,Norway,Europe & Central Asia,2002,57.105000000000004,
643,Norway,Europe & Central Asia,2003,60,
644,Norway,Europe & Central Asia,2004,52.442499999999995,
645,Norway,Europe & Central Asia,2005,57.555,
646,Norway,Europe & Central Asia,2006,54.8,
647,Norway,Europe & Central Asia,2007,61.6325,
648,Norway,Europe & Central Asia,2008,61.64,
649,Norway,Europe & Central Asia,2009,47.665,
650,Norway,Europe & Central Asia,2010,61.56333333333333,
651,Norway,Europe & Central Asia,2011,67.26666666666667,
652,Norway,Europe & Central Asia,2012,66.50666666666666,
653,Norway,Europe & Central Asia,2013,78.84333333333333,
654,Norway,Europe & Central Asia,2014,84.42,
655,Norway,Europe & Central Asia,2015,63.23666666666667,
656,Norway,Europe & Central Asia,2016,62.076666666666675,
657,Norway,Europe & Central Asia,2017,63.94057042,
658,Norway,Europe & Central Asia,2018,74.44742644,
659,Norway,Europe & Central Asia,2019,67.15010661000001,
660,Norway,Europe & Central Asia,2020,58.94147879666667,
661,Norway,Europe & Central Asia,2021,60.76317611,
662,Norway,Europe & Central Asia,2022,54.271989018166664,
663,Norway,Europe & Central Asia,2023,50.14062281133334,
664,Norway,Europe & Central Asia,2024,66.92862782666667,
665,Poland,Europe & Central Asia,1990,0,
666,Poland,Europe & Central Asia,1991,0,
667,Poland,Europe & Central Asia,1992,0,
668,Poland,Europe & Central Asia,1993,0,
669,Poland,Europe & Central Asia,1994,0.02,
670,Poland,Europe & Central Asia,1995,0.025,
671,Poland,Europe & Central Asia,1996,0.025,
672,Poland,Europe & Central Asia,1997,,
673,Poland,Europe & Central Asia,1998,0.02,
674,Poland,Europe & Central Asia,1999,0.02,
675,Poland,Europe & Central Asia,2000,0.02,
676,Poland,Europe & Central Asia,2001,0.015,
677,Poland,Europe & Central Asia,2002,0.015,
678,Poland,Europe & Central Asia,2003,0.083333333,
679,Poland,Europe & Central Asia,2004,0.09,
680,Poland,Europe & Central Asia,2005,0.11,
681,Poland,Europe & Central Asia,2006,0.10666666666666667,
682,Poland,Europe & Central Asia,2007,0.34,
683,Poland,Europe & Central Asia,2008,0.45,
684,Poland,Europe & Central Asia,2009,2.8880000000000003,
685,Poland,Europe & Central Asia,2010,3.568,
686,Poland,Europe & Central Asia,2011,3.7,
687,Poland,Europe & Central Asia,2012,3.4619999999999997,
688,Poland,Europe & Central Asia,2013,3.4559999999999995,
689,Poland,Europe & Central Asia,2014,3.722,
690,Poland,Europe & Central Asia,2015,3.108,
691,Poland,Europe & Central Asia,2016,3.168,
692,Poland,Europe & Central Asia,2017,2.991438601,
693,Poland,Europe & Central Asia,2018,3.475878684,
694,Poland,Europe & Central Asia,2019,3.1458850093999997,
695,Poland,Europe & Central Asia,2020,2.932578192,
696,Poland,Europe & Central Asia,2021,3.173202364,
697,Poland,Europe & Central Asia,2022,3.0819330856000002,
698,Poland,Europe & Central Asia,2023,3.167379714,
699,Poland,Europe & Central Asia,2024,,
700,Portugal,Europe & Central Asia,1990,,
701,Portugal,Europe & Central Asia,1991,,
702,Portugal,Europe & Central Asia,1992,,
703,Portugal,Europe & Central Asia,1993,,
704,Portugal,Europe & Central Asia,1994,,
705,Portugal,Europe & Central Asia,1995,,
706,Portugal,Europe & Central Asia,1996,,
707,Portugal,Europe & Central Asia,1997,,
708,Portugal,Europe & Central Asia,1998,,
709,Portugal,Europe & Central Asia,1999,,
710,Portugal,Europe & Central Asia,2000,,
711,Portugal,Europe & Central Asia,2001,,
712,Portugal,Europe & Central Asia,2002,,
713,Portugal,Europe & Central Asia,2003,,
714,Portugal,Europe & Central Asia,2004,,
715,Portugal,Europe & Central Asia,2005,,
716,Portugal,Europe & Central Asia,2006,,
717,Portugal,Europe & Central Asia,2007,,
718,Portugal,Europe & Central Asia,2008,,
719,Portugal,Europe & Central Asia,2009,,
720,Portugal,Europe & Central Asia,2010,,
721,Portugal,Europe & Central Asia,2011,,
722,Portugal,Europe & Central Asia,2012,,
723,Portugal,Europe & Central Asia,2013,,
724,Portugal,Europe & Central Asia,2014,,
725,Portugal,Europe & Central Asia,2015,4.497999999999999,
726,Portugal,Europe & Central Asia,2016,7.256,
727,Portugal,Europe & Central Asia,2017,6.968870343800001,
728,Portugal,Europe & Central Asia,2018,6.866025514333334,
729,Portugal,Europe & Central Asia,2019,12.783928196181819,
730,Portugal,Europe & Central Asia,2020,37.26568326490909,
731,Portugal,Europe & Central Asia,2021,27.99239734,
732,Portugal,Europe & Central Asia,2022,26.33849611,
733,Portugal,Europe & Central Asia,2023,25.916679799999997,
734,Portugal,Europe & Central Asia,2024,,
735,Singapore,East Asia & Pacific,1990,,
736,Singapore,East Asia & Pacific,1991,,
737,Singapore,East Asia & Pacific,1992,,
738,Singapore,East Asia & Pacific,1993,,
739,Singapore,East Asia & Pacific,1994,,
740,Singapore,East Asia & Pacific,1995,,
741,Singapore,East Asia & Pacific,1996,,
742,Singapore,East Asia & Pacific,1997,,
743,Singapore,East Asia & Pacific,1998,,
744,Singapore,East Asia & Pacific,1999,,
745,Singapore,East Asia & Pacific,2000,,
746,Singapore,East Asia & Pacific,2001,,
747,Singapore,East Asia & Pacific,2002,,
748,Singapore,East Asia & Pacific,2003,,
749,Singapore,East Asia & Pacific,2004,,
750,Singapore,East Asia & Pacific,2005,,
751,Singapore,East Asia & Pacific,2006,,
752,Singapore,East Asia & Pacific,2007,,
753,Singapore,East Asia & Pacific,2008,,
754,Singapore,East Asia & Pacific,2009,,
755,Singapore,East Asia & Pacific,2010,,
756,Singapore,East Asia & Pacific,2011,,
757,Singapore,East Asia & Pacific,2012,,
758,Singapore,East Asia & Pacific,2013,,
759,Singapore,East Asia & Pacific,2014,,
760,Singapore,East Asia & Pacific,2015,,
761,Singapore,East Asia & Pacific,2016,,
762,Singapore,East Asia & Pacific,2017,,
763,Singapore,East Asia & Pacific,2018,,
764,Singapore,East Asia & Pacific,2019,3.693856332,
765,Singapore,East Asia & Pacific,2020,3.510250467,
766,Singapore,East Asia & Pacific,2021,3.713606655,
767,Singapore,East Asia & Pacific,2022,3.6856848,
768,Singapore,East Asia & Pacific,2023,3.767897513,
769,Singapore,East Asia & Pacific,2024,18.47882327,
770,Slovenia,Europe & Central Asia,1990,,
771,Slovenia,Europe & Central Asia,1991,,
772,Slovenia,Europe & Central Asia,1992,,
773,Slovenia,Europe & Central Asia,1993,,
774,Slovenia,Europe & Central Asia,1994,,
775,Slovenia,Europe & Central Asia,1995,,
776,Slovenia,Europe & Central Asia,1996,7.45,
777,Slovenia,Europe & Central Asia,1997,6.55,
778,Slovenia,Europe & Central Asia,1998,17.23,
779,Slovenia,Europe & Central Asia,1999,16.96,
780,Slovenia,Europe & Central Asia,2000,14.17,
781,Slovenia,Europe & Central Asia,2001,12.28,
782,Slovenia,Europe & Central Asia,2002,11.66,
783,Slovenia,Europe & Central Asia,2003,14.06,
784,Slovenia,Europe & Central Asia,2004,15.41,
785,Slovenia,Europe & Central Asia,2005,16.21,
786,Slovenia,Europe & Central Asia,2006,15.14,
787,Slovenia,Europe & Central Asia,2007,16.7,
788,Slovenia,Europe & Central Asia,2008,19.57,
789,Slovenia,Europe & Central Asia,2009,16.55,
790,Slovenia,Europe & Central Asia,2010,16.83,
791,Slovenia,Europe & Central Asia,2011,17.67,
792,Slovenia,Europe & Central Asia,2012,19.17,
793,Slovenia,Europe & Central Asia,2013,18.48,
794,Slovenia,Europe & Central Asia,2014,19.85,
795,Slovenia,Europe & Central Asia,2015,18.58,
796,Slovenia,Europe & Central Asia,2016,19.31,
797,Slovenia,Europe & Central Asia,2017,18.49545365,
798,Slovenia,Europe & Central Asia,2018,21.4485323,
799,Slovenia,Europe & Central Asia,2019,19.4382689,
800,Slovenia,Europe & Central Asia,2020,18.91928527,
801,Slovenia,Europe & Central Asia,2021,20.32058001,
802,Slovenia,Europe & Central Asia,2022,19.11996,
803,Slovenia,Europe & Central Asia,2023,0,
804,Slovenia,Europe & Central Asia,2024,18.59577,
805,South Africa,Sub-Saharan Africa,1990,,
806,South Africa,Sub-Saharan Africa,1991,,
807,South Africa,Sub-Saharan Africa,1992,,
808,South Africa,Sub-Saharan Africa,1993,,
809,South Africa,Sub-Saharan Africa,1994,,
810,South Africa,Sub-Saharan Africa,1995,,
811,South Africa,Sub-Saharan Africa,1996,,
812,South Africa,Sub-Saharan Africa,1997,,
813,South Africa,Sub-Saharan Africa,1998,,
814,South Africa,Sub-Saharan Africa,1999,,
815,South Africa,Sub-Saharan Africa,2000,,
816,South Africa,Sub-Saharan Africa,2001,,
817,South Africa,Sub-Saharan Africa,2002,,
818,South Africa,Sub-Saharan Africa,2003,,
819,South Africa,Sub-Saharan Africa,2004,,
820,South Africa,Sub-Saharan Africa,2005,,
821,South Africa,Sub-Saharan Africa,2006,,
822,South Africa,Sub-Saharan Africa,2007,,
823,South Africa,Sub-Saharan Africa,2008,,
824,South Africa,Sub-Saharan Africa,2009,,
825,South Africa,Sub-Saharan Africa,2010,,
826,South Africa,Sub-Saharan Africa,2011,,
827,South Africa,Sub-Saharan Africa,2012,,
828,South Africa,Sub-Saharan Africa,2013,,
829,South Africa,Sub-Saharan Africa,2014,,
830,South Africa,Sub-Saharan Africa,2015,,
831,South Africa,Sub-Saharan Africa,2016,,
832,South Africa,Sub-Saharan Africa,2017,,
833,South Africa,Sub-Saharan Africa,2018,,
834,South Africa,Sub-Saharan Africa,2019,,
835,South Africa,Sub-Saharan Africa,2020,7.059867261,
836,South Africa,Sub-Saharan Africa,2021,9.150942752,
837,South Africa,Sub-Saharan Africa,2022,9.83519223,
838,South Africa,Sub-Saharan Africa,2023,8.925614268,
839,South Africa,Sub-Saharan Africa,2024,10.08578223,
840,Spain,Europe & Central Asia,1990,,
841,Spain,Europe & Central Asia,1991,,
842,Spain,Europe & Central Asia,1992,,
843,Spain,Europe & Central Asia,1993,,
844,Spain,Europe & Central Asia,1994,,
845,Spain,Europe & Central Asia,1995,,
846,Spain,Europe & Central Asia,1996,,
847,Spain,Europe & Central Asia,1997,,
848,Spain,Europe & Central Asia,1998,,
849,Spain,Europe & Central Asia,1999,,
850,Spain,Europe & Central Asia,2000,,
851,Spain,Europe & Central Asia,2001,,
852,Spain,Europe & Central Asia,2002,,
853,Spain,Europe & Central Asia,2003,,
854,Spain,Europe & Central Asia,2004,,
855,Spain,Europe & Central Asia,2005,,
856,Spain,Europe & Central Asia,2006,,
857,Spain,Europe & Central Asia,2007,,
858,Spain,Europe & Central Asia,2008,,
859,Spain,Europe & Central Asia,2009,,
860,Spain,Europe & Central Asia,2010,,
861,Spain,Europe & Central Asia,2011,,
862,Spain,Europe & Central Asia,2012,,
863,Spain,Europe & Central Asia,2013,,
864,Spain,Europe & Central Asia,2014,27.57,
865,Spain,Europe & Central Asia,2015,21.51,
866,Spain,Europe & Central Asia,2016,,
867,Spain,Europe & Central Asia,2017,,
868,Spain,Europe & Central Asia,2018,24.7959911,
869,Spain,Europe & Central Asia,2019,16.85399037,
870,Spain,Europe & Central Asia,2020,16.40400457,
871,Spain,Europe & Central Asia,2021,17.61900001,
872,Spain,Europe & Central Asia,2022,16.578,
873,Spain,Europe & Central Asia,2023,16.3125,
874,Spain,Europe & Central Asia,2024,16.1235,
875,Sweden,Europe & Central Asia,1990,,
876,Sweden,Europe & Central Asia,1991,,
877,Sweden,Europe & Central Asia,1992,,
878,Sweden,Europe & Central Asia,1993,,
879,Sweden,Europe & Central Asia,1994,,
880,Sweden,Europe & Central Asia,1995,,
881,Sweden,Europe & Central Asia,1996,,
882,Sweden,Europe & Central Asia,1997,,
883,Sweden,Europe & Central Asia,1998,,
884,Sweden,Europe & Central Asia,1999,,
885,Sweden,Europe & Central Asia,2000,,
886,Sweden,Europe & Central Asia,2001,,
887,Sweden,Europe & Central Asia,2002,,
888,Sweden,Europe & Central Asia,2003,,
889,Sweden,Europe & Central Asia,2004,,
890,Sweden,Europe & Central Asia,2005,,
891,Sweden,Europe & Central Asia,2006,,
892,Sweden,Europe & Central Asia,2007,,
893,Sweden,Europe & Central Asia,2008,,
894,Sweden,Europe & Central Asia,2009,,
895,Sweden,Europe & Central Asia,2010,,
896,Sweden,Europe & Central Asia,2011,,
897,Sweden,Europe & Central Asia,2012,,
898,Sweden,Europe & Central Asia,2013,,
899,Sweden,Europe & Central Asia,2014,,
900,Sweden,Europe & Central Asia,2015,,
901,Sweden,Europe & Central Asia,2016,,
902,Sweden,Europe & Central Asia,2017,,
903,Sweden,Europe & Central Asia,2018,,
904,Sweden,Europe & Central Asia,2019,,
905,Sweden,Europe & Central Asia,2020,,
906,Sweden,Europe & Central Asia,2021,,
907,Sweden,Europe & Central Asia,2022,,
908,Sweden,Europe & Central Asia,2023,,
909,Sweden,Europe & Central Asia,2024,132.23447463333332,
910,Switzerland,Europe & Central Asia,1990,,
911,Switzerland,Europe & Central Asia,1991,,
912,Switzerland,Europe & Central Asia,1992,,
913,Switzerland,Europe & Central Asia,1993,,
914,Switzerland,Europe & Central Asia,1994,,
915,Switzerland,Europe & Central Asia,1995,,
916,Switzerland,Europe & Central Asia,1996,,
917,Switzerland,Europe & Central Asia,1997,,
918,Switzerland,Europe & Central Asia,1998,,
919,Switzerland,Europe & Central Asia,1999,,
920,Switzerland,Europe & Central Asia,2000,,
921,Switzerland,Europe & Central Asia,2001,,
922,Switzerland,Europe & Central Asia,2002,,
923,Switzerland,Europe & Central Asia,2003,,
924,Switzerland,Europe & Central Asia,2004,,
925,Switzerland,Europe & Central Asia,2005,,
926,Switzerland,Europe & Central Asia,2006,,
927,Switzerland,Europe & Central Asia,2007,,
928,Switzerland,Europe & Central Asia,2008,11.91,
929,Switzerland,Europe & Central Asia,2009,21.03,
930,Switzerland,Europe & Central Asia,2010,34.21,
931,Switzerland,Europe & Central Asia,2011,39.01,19.5
932,Switzerland,Europe & Central Asia,2012,39.88,19.94
933,Switzerland,Europe & Central Asia,2013,37.94,18.97
934,Switzerland,Europe & Central Asia,2014,67.94,45.57
935,Switzerland,Europe & Central Asia,2015,61.95,12.39
936,Switzerland,Europe & Central Asia,2016,86.18,9.23
937,Switzerland,Europe & Central Asia,2017,83.91650714,6.949158886
938,Switzerland,Europe & Central Asia,2018,100.9038747,9.298496661
939,Switzerland,Europe & Central Asia,2019,96.46308635,8.033735411
940,Switzerland,Europe & Central Asia,2020,99.44064919,19.84884553
941,Switzerland,Europe & Central Asia,2021,101.4745521,46.10305002
942,Switzerland,Europe & Central Asia,2022,129.8560762,65.59362
943,Switzerland,Europe & Central Asia,2023,130.8115768,93.80775
944,Switzerland,Europe & Central Asia,2024,132.122213,59.173245
945,"Taiwan, China",East Asia & Pacific,1990,,
946,"Taiwan, China",East Asia & Pacific,1991,,
947,"Taiwan, China",East Asia & Pacific,1992,,
948,"Taiwan, China",East Asia & Pacific,1993,,
949,"Taiwan, China",East Asia & Pacific,1994,,
950,"Taiwan, China",East Asia & Pacific,1995,,
951,"Taiwan, China",East Asia & Pacific,1996,,
952,"Taiwan, China",East Asia & Pacific,1997,,
953,"Taiwan, China",East Asia & Pacific,1998,,
954,"Taiwan, China",East Asia & Pacific,1999,,
955,"Taiwan, China",East Asia & Pacific,2000,,
956,"Taiwan, China",East Asia & Pacific,2001,,
957,"Taiwan, China",East Asia & Pacific,2002,,
958,"Taiwan, China",East Asia & Pacific,2003,,
959,"Taiwan, China",East Asia & Pacific,2004,,
960,"Taiwan, China",East Asia & Pacific,2005,,
961,"Taiwan, China",East Asia & Pacific,2006,,
962,"Taiwan, China",East Asia & Pacific,2007,,
963,"Taiwan, China",East Asia & Pacific,2008,,
964,"Taiwan, China",East Asia & Pacific,2009,,
965,"Taiwan, China",East Asia & Pacific,2010,,
966,"Taiwan, China",East Asia & Pacific,2011,,
967,"Taiwan, China",East Asia & Pacific,2012,,
968,"Taiwan, China",East Asia & Pacific,2013,,
969,"Taiwan, China",East Asia & Pacific,2014,,
970,"Taiwan, China",East Asia & Pacific,2015,,
971,"Taiwan, China",East Asia & Pacific,2016,,
972,"Taiwan, China",East Asia & Pacific,2017,,
973,"Taiwan, China",East Asia & Pacific,2018,,
974,"Taiwan, China",East Asia & Pacific,2019,,
975,"Taiwan, China",East Asia & Pacific,2020,,
976,"Taiwan, China",East Asia & Pacific,2021,,
977,"Taiwan, China",East Asia & Pacific,2022,,
978,"Taiwan, China",East Asia & Pacific,2023,,
979,"Taiwan, China",East Asia & Pacific,2024,9.121943803,
980,United Kingdom,Europe & Central Asia,1990,,
981,United Kingdom,Europe & Central Asia,1991,,
982,United Kingdom,Europe & Central Asia,1992,,
983,United Kingdom,Europe & Central Asia,1993,,
984,United Kingdom,Europe & Central Asia,1994,,
985,United Kingdom,Europe & Central Asia,1995,,
986,United Kingdom,Europe & Central Asia,1996,,
987,United Kingdom,Europe & Central Asia,1997,,
988,United Kingdom,Europe & Central Asia,1998,,
989,United Kingdom,Europe & Central Asia,1999,,
990,United Kingdom,Europe & Central Asia,2000,,
991,United Kingdom,Europe & Central Asia,2001,,
992,United Kingdom,Europe & Central Asia,2002,,
993,United Kingdom,Europe & Central Asia,2003,,
994,United Kingdom,Europe & Central Asia,2004,,
995,United Kingdom,Europe & Central Asia,2005,,
996,United Kingdom,Europe & Central Asia,2006,,
997,United Kingdom,Europe & Central Asia,2007,,
998,United Kingdom,Europe & Central Asia,2008,,
999,United Kingdom,Europe & Central Asia,2009,,
1000,United Kingdom,Europe & Central Asia,2010,,
1001,United Kingdom,Europe & Central Asia,2011,,
1002,United Kingdom,Europe & Central Asia,2012,,
1003,United Kingdom,Europe & Central Asia,2013,7.5,
1004,United Kingdom,Europe & Central Asia,2014,15.89,
1005,United Kingdom,Europe & Central Asia,2015,26.71,
1006,United Kingdom,Europe & Central Asia,2016,23.72,
1007,United Kingdom,Europe & Central Asia,2017,22.41451148,
1008,United Kingdom,Europe & Central Asia,2018,25.45739885,
1009,United Kingdom,Europe & Central Asia,2019,23.5889942,
1010,United Kingdom,Europe & Central Asia,2020,22.28400261,
1011,United Kingdom,Europe & Central Asia,2021,24.795,
1012,United Kingdom,Europe & Central Asia,2022,23.6538,98.991153
1013,United Kingdom,Europe & Central Asia,2023,22.2759,88.1259355
1014,United Kingdom,Europe & Central Asia,2024,22.6188,45.061676
1015,Uruguay,Latin America & Caribbean,1990,,
1016,Uruguay,Latin America & Caribbean,1991,,
1017,Uruguay,Latin America & Caribbean,1992,,
1018,Uruguay,Latin America & Caribbean,1993,,
1019,Uruguay,Latin America & Caribbean,1994,,
1020,Uruguay,Latin America & Caribbean,1995,,
1021,Uruguay,Latin America & Caribbean,1996,,
1022,Uruguay,Latin America & Caribbean,1997,,
1023,Uruguay,Latin America & Caribbean,1998,,
1024,Uruguay,Latin America & Caribbean,1999,,
1025,Uruguay,Latin America & Caribbean,2000,,
1026,Uruguay,Latin America & Caribbean,2001,,
1027,Uruguay,Latin America & Caribbean,2002,,
1028,Uruguay,Latin America & Caribbean,2003,,
1029,Uruguay,Latin America & Caribbean,2004,,
1030,Uruguay,Latin America & Caribbean,2005,,
1031,Uruguay,Latin America & Caribbean,2006,,
1032,Uruguay,Latin America & Caribbean,2007,,
1033,Uruguay,Latin America & Caribbean,2008,,
1034,Uruguay,Latin America & Caribbean,2009,,
1035,Uruguay,Latin America & Caribbean,2010,,
1036,Uruguay,Latin America & Caribbean,2011,,
1037,Uruguay,Latin America & Caribbean,2012,,
1038,Uruguay,Latin America & Caribbean,2013,,
1039,Uruguay,Latin America & Caribbean,2014,,
1040,Uruguay,Latin America & Caribbean,2015,,
1041,Uruguay,Latin America & Caribbean,2016,,
1042,Uruguay,Latin America & Caribbean,2017,,
1043,Uruguay,Latin America & Caribbean,2018,,
1044,Uruguay,Latin America & Caribbean,2019,,
1045,Uruguay,Latin America & Caribbean,2020,,
1046,Uruguay,Latin America & Caribbean,2021,,
1047,Uruguay,Latin America & Caribbean,2022,137.2954109,
1048,Uruguay,Latin America & Caribbean,2023,155.8683502,
1049,Uruguay,Latin America & Caribbean,2024,167.1738104,
1050,Australia,East Asia & Pacific,1990,,
1051,Australia,East Asia & Pacific,1991,,
1052,Australia,East Asia & Pacific,1992,,
1053,Australia,East Asia & Pacific,1993,,
1054,Australia,East Asia & Pacific,1994,,
1055,Australia,East Asia & Pacific,1995,,
1056,Australia,East Asia & Pacific,1996,,
1057,Australia,East Asia & Pacific,1997,,
1058,Australia,East Asia & Pacific,1998,,
1059,Australia,East Asia & Pacific,1999,,
1060,Australia,East Asia & Pacific,2000,,
1061,Australia,East Asia & Pacific,2001,,
1062,Australia,East Asia & Pacific,2002,,
1063,Australia,East Asia & Pacific,2003,,
1064,Australia,East Asia & Pacific,2004,,
1065,Australia,East Asia & Pacific,2005,,
1066,Australia,East Asia & Pacific,2006,,
1067,Australia,East Asia & Pacific,2007,,
1068,Australia,East Asia & Pacific,2008,,
1069,Australia,East Asia & Pacific,2009,,
1070,Australia,East Asia & Pacific,2010,,
1071,Australia,East Asia & Pacific,2011,,
1072,Australia,East Asia & Pacific,2012,,23.89
1073,Australia,East Asia & Pacific,2013,,24.65
1074,Australia,East Asia & Pacific,2014,,22.37
1075,Australia,East Asia & Pacific,2015,,
1076,Australia,East Asia & Pacific,2016,,
1077,Australia,East Asia & Pacific,2017,,
1078,Australia,East Asia & Pacific,2018,,
1079,Australia,East Asia & Pacific,2019,,
1080,Australia,East Asia & Pacific,2020,,
1081,Australia,East Asia & Pacific,2021,,
1082,Australia,East Asia & Pacific,2022,,
1083,Australia,East Asia & Pacific,2023,,
1084,Australia,East Asia & Pacific,2024,,21.90375
1085,Austria,Europe & Central Asia,1990,,
1086,Austria,Europe & Central Asia,1991,,
1087,Austria,Europe & Central Asia,1992,,
1088,Austria,Europe & Central Asia,1993,,
1089,Austria,Europe & Central Asia,1994,,
1090,Austria,Europe & Central Asia,1995,,
1091,Austria,Europe & Central Asia,1996,,
1092,Austria,Europe & Central Asia,1997,,
1093,Austria,Europe & Central Asia,1998,,
1094,Austria,Europe & Central Asia,1999,,
1095,Austria,Europe & Central Asia,2000,,
1096,Austria,Europe & Central Asia,2001,,
1097,Austria,Europe & Central Asia,2002,,
1098,Austria,Europe & Central Asia,2003,,
1099,Austria,Europe & Central Asia,2004,,
1100,Austria,Europe & Central Asia,2005,,
1101,Austria,Europe & Central Asia,2006,,
1102,Austria,Europe & Central Asia,2007,,
1103,Austria,Europe & Central Asia,2008,,
1104,Austria,Europe & Central Asia,2009,,
1105,Austria,Europe & Central Asia,2010,,
1106,Austria,Europe & Central Asia,2011,,
1107,Austria,Europe & Central Asia,2012,,
1108,Austria,Europe & Central Asia,2013,,
1109,Austria,Europe & Central Asia,2014,,
1110,Austria,Europe & Central Asia,2015,,
1111,Austria,Europe & Central Asia,2016,,
1112,Austria,Europe & Central Asia,2017,,
1113,Austria,Europe & Central Asia,2018,,
1114,Austria,Europe & Central Asia,2019,,
1115,Austria,Europe & Central Asia,2020,,
1116,Austria,Europe & Central Asia,2021,,
1117,Austria,Europe & Central Asia,2022,,
1118,Austria,Europe & Central Asia,2023,,35.34375
1119,Austria,Europe & Central Asia,2024,,48.3705
1120,China,East Asia & Pacific,1990,,
1121,China,East Asia & Pacific,1991,,
1122,China,East Asia & Pacific,1992,,
1123,China,East Asia & Pacific,1993,,
1124,China,East Asia & Pacific,1994,,
1125,China,East Asia & Pacific,1995,,
1126,China,East Asia & Pacific,1996,,
1127,China,East Asia & Pacific,1997,,
1128,China,East Asia & Pacific,1998,,
1129,China,East Asia & Pacific,1999,,
1130,China,East Asia & Pacific,2000,,
1131,China,East Asia & Pacific,2001,,
1132,China,East Asia & Pacific,2002,,
1133,China,East Asia & Pacific,2003,,
1134,China,East Asia & Pacific,2004,,
1135,China,East Asia & Pacific,2005,,
1136,China,East Asia & Pacific,2006,,
1137,China,East Asia & Pacific,2007,,
1138,China,East Asia & Pacific,2008,,
1139,China,East Asia & Pacific,2009,,
1140,China,East Asia & Pacific,2010,,
1141,China,East Asia & Pacific,2011,,
1142,China,East Asia & Pacific,2012,,
1143,China,East Asia & Pacific,2013,,
1144,China,East Asia & Pacific,2014,,
1145,China,East Asia & Pacific,2015,,
1146,China,East Asia & Pacific,2016,,
1147,China,East Asia & Pacific,2017,,
1148,China,East Asia & Pacific,2018,,
1149,China,East Asia & Pacific,2019,,
1150,China,East Asia & Pacific,2020,,
1151,China,East Asia & Pacific,2021,,
1152,China,East Asia & Pacific,2022,,9.199849028
1153,China,East Asia & Pacific,2023,,8.15316299
1154,China,East Asia & Pacific,2024,,12.57307921
1155,EU,Europe & Central Asia,1990,,
1156,EU,Europe & Central Asia,1991,,
1157,EU,Europe & Central Asia,1992,,
1158,EU,Europe & Central Asia,1993,,
1159,EU,Europe & Central Asia,1994,,
1160,EU,Europe & Central Asia,1995,,
1161,EU,Europe & Central Asia,1996,,
1162,EU,Europe & Central Asia,1997,,
1163,EU,Europe & Central Asia,1998,,
1164,EU,Europe & Central Asia,1999,,
1165,EU,Europe & Central Asia,2000,,
1166,EU,Europe & Central Asia,2001,,
1167,EU,Europe & Central Asia,2002,,
1168,EU,Europe & Central Asia,2003,,
1169,EU,Europe & Central Asia,2004,,
1170,EU,Europe & Central Asia,2005,,19.04
1171,EU,Europe & Central Asia,2006,,32.24
1172,EU,Europe & Central Asia,2007,,1.25
1173,EU,Europe & Central Asia,2008,,34.48
1174,EU,Europe & Central Asia,2009,,15.55
1175,EU,Europe & Central Asia,2010,,17.26
1176,EU,Europe & Central Asia,2011,,23.75
1177,EU,Europe & Central Asia,2012,,9.29
1178,EU,Europe & Central Asia,2013,,6.06
1179,EU,Europe & Central Asia,2014,,6.75
1180,EU,Europe & Central Asia,2015,,7.68
1181,EU,Europe & Central Asia,2016,,4.87
1182,EU,Europe & Central Asia,2017,,5.644855218
1183,EU,Europe & Central Asia,2018,,16.36535412
1184,EU,Europe & Central Asia,2019,,24.505702
1185,EU,Europe & Central Asia,2020,,18.53652517
1186,EU,Europe & Central Asia,2021,,49.77954802
1187,EU,Europe & Central Asia,2022,,86.526108
1188,EU,Europe & Central Asia,2023,,96.298125
1189,EU,Europe & Central Asia,2024,,61.301547
1190,Germany,Europe & Central Asia,1990,,
1191,Germany,Europe & Central Asia,1991,,
1192,Germany,Europe & Central Asia,1992,,
1193,Germany,Europe & Central Asia,1993,,
1194,Germany,Europe & Central Asia,1994,,
1195,Germany,Europe & Central Asia,1995,,
1196,Germany,Europe & Central Asia,1996,,
1197,Germany,Europe & Central Asia,1997,,
1198,Germany,Europe & Central Asia,1998,,
1199,Germany,Europe & Central Asia,1999,,
1200,Germany,Europe & Central Asia,2000,,
1201,Germany,Europe & Central Asia,2001,,
1202,Germany,Europe & Central Asia,2002,,
1203,Germany,Europe & Central Asia,2003,,
1204,Germany,Europe & Central Asia,2004,,
1205,Germany,Europe & Central Asia,2005,,
1206,Germany,Europe & Central Asia,2006,,
1207,Germany,Europe & Central Asia,2007,,
1208,Germany,Europe & Central Asia,2008,,
1209,Germany,Europe & Central Asia,2009,,
1210,Germany,Europe & Central Asia,2010,,
1211,Germany,Europe & Central Asia,2011,,
1212,Germany,Europe & Central Asia,2012,,
1213,Germany,Europe & Central Asia,2013,,
1214,Germany,Europe & Central Asia,2014,,
1215,Germany,Europe & Central Asia,2015,,
1216,Germany,Europe & Central Asia,2016,,
1217,Germany,Europe & Central Asia,2017,,
1218,Germany,Europe & Central Asia,2018,,
1219,Germany,Europe & Central Asia,2019,,
1220,Germany,Europe & Central Asia,2020,,
1221,Germany,Europe & Central Asia,2021,,29.36500001
1222,Germany,Europe & Central Asia,2022,,33.156
1223,Germany,Europe & Central Asia,2023,,32.625
1224,Germany,Europe & Central Asia,2024,,48.3705
1225,Indonesia,East Asia & Pacific,1990,,
1226,Indonesia,East Asia & Pacific,1991,,
1227,Indonesia,East Asia & Pacific,1992,,
1228,Indonesia,East Asia & Pacific,1993,,
1229,Indonesia,East Asia & Pacific,1994,,
1230,Indonesia,East Asia & Pacific,1995,,
1231,Indonesia,East Asia & Pacific,1996,,
1232,Indonesia,East Asia & Pacific,1997,,
1233,Indonesia,East Asia & Pacific,1998,,
1234,Indonesia,East Asia & Pacific,1999,,
1235,Indonesia,East Asia & Pacific,2000,,
1236,Indonesia,East Asia & Pacific,2001,,
1237,Indonesia,East Asia & Pacific,2002,,
1238,Indonesia,East Asia & Pacific,2003,,
1239,Indonesia,East Asia & Pacific,2004,,
1240,Indonesia,East Asia & Pacific,2005,,
1241,Indonesia,East Asia & Pacific,2006,,
1242,Indonesia,East Asia & Pacific,2007,,
1243,Indonesia,East Asia & Pacific,2008,,
1244,Indonesia,East Asia & Pacific,2009,,
1245,Indonesia,East Asia & Pacific,2010,,
1246,Indonesia,East Asia & Pacific,2011,,
1247,Indonesia,East Asia & Pacific,2012,,
1248,Indonesia,East Asia & Pacific,2013,,
1249,Indonesia,East Asia & Pacific,2014,,
1250,Indonesia,East Asia & Pacific,2015,,
1251,Indonesia,East Asia & Pacific,2016,,
1252,Indonesia,East Asia & Pacific,2017,,
1253,Indonesia,East Asia & Pacific,2018,,
1254,Indonesia,East Asia & Pacific,2019,,
1255,Indonesia,East Asia & Pacific,2020,,
1256,Indonesia,East Asia & Pacific,2021,,
1257,Indonesia,East Asia & Pacific,2022,,
1258,Indonesia,East Asia & Pacific,2023,,
1259,Indonesia,East Asia & Pacific,2024,,0.612165181
1260,"Korea, Rep.",East Asia & Pacific,1990,,
1261,"Korea, Rep.",East Asia & Pacific,1991,,
1262,"Korea, Rep.",East Asia & Pacific,1992,,
1263,"Korea, Rep.",East Asia & Pacific,1993,,
1264,"Korea, Rep.",East Asia & Pacific,1994,,
1265,"Korea, Rep.",East Asia & Pacific,1995,,
1266,"Korea, Rep.",East Asia & Pacific,1996,,
1267,"Korea, Rep.",East Asia & Pacific,1997,,
1268,"Korea, Rep.",East Asia & Pacific,1998,,
1269,"Korea, Rep.",East Asia & Pacific,1999,,
1270,"Korea, Rep.",East Asia & Pacific,2000,,
1271,"Korea, Rep.",East Asia & Pacific,2001,,
1272,"Korea, Rep.",East Asia & Pacific,2002,,
1273,"Korea, Rep.",East Asia & Pacific,2003,,
1274,"Korea, Rep.",East Asia & Pacific,2004,,
1275,"Korea, Rep.",East Asia & Pacific,2005,,
1276,"Korea, Rep.",East Asia & Pacific,2006,,
1277,"Korea, Rep.",East Asia & Pacific,2007,,
1278,"Korea, Rep.",East Asia & Pacific,2008,,
1279,"Korea, Rep.",East Asia & Pacific,2009,,
1280,"Korea, Rep.",East Asia & Pacific,2010,,
1281,"Korea, Rep.",East Asia & Pacific,2011,,
1282,"Korea, Rep.",East Asia & Pacific,2012,,
1283,"Korea, Rep.",East Asia & Pacific,2013,,
1284,"Korea, Rep.",East Asia & Pacific,2014,,
1285,"Korea, Rep.",East Asia & Pacific,2015,,9.1
1286,"Korea, Rep.",East Asia & Pacific,2016,,15.14
1287,"Korea, Rep.",East Asia & Pacific,2017,,18.23313666
1288,"Korea, Rep.",East Asia & Pacific,2018,,20.51855706
1289,"Korea, Rep.",East Asia & Pacific,2019,,23.4574411
1290,"Korea, Rep.",East Asia & Pacific,2020,,32.78690585
1291,"Korea, Rep.",East Asia & Pacific,2021,,15.89263641
1292,"Korea, Rep.",East Asia & Pacific,2022,,18.74948377
1293,"Korea, Rep.",East Asia & Pacific,2023,,11.23638595
1294,"Korea, Rep.",East Asia & Pacific,2024,,6.302427437
1295,Montenegro,Europe & Central Asia,1990,,
1296,Montenegro,Europe & Central Asia,1991,,
1297,Montenegro,Europe & Central Asia,1992,,
1298,Montenegro,Europe & Central Asia,1993,,
1299,Montenegro,Europe & Central Asia,1994,,
1300,Montenegro,Europe & Central Asia,1995,,
1301,Montenegro,Europe & Central Asia,1996,,
1302,Montenegro,Europe & Central Asia,1997,,
1303,Montenegro,Europe & Central Asia,1998,,
1304,Montenegro,Europe & Central Asia,1999,,
1305,Montenegro,Europe & Central Asia,2000,,
1306,Montenegro,Europe & Central Asia,2001,,
1307,Montenegro,Europe & Central Asia,2002,,
1308,Montenegro,Europe & Central Asia,2003,,
1309,Montenegro,Europe & Central Asia,2004,,
1310,Montenegro,Europe & Central Asia,2005,,
1311,Montenegro,Europe & Central Asia,2006,,
1312,Montenegro,Europe & Central Asia,2007,,
1313,Montenegro,Europe & Central Asia,2008,,
1314,Montenegro,Europe & Central Asia,2009,,
1315,Montenegro,Europe & Central Asia,2010,,
1316,Montenegro,Europe & Central Asia,2011,,
1317,Montenegro,Europe & Central Asia,2012,,
1318,Montenegro,Europe & Central Asia,2013,,
1319,Montenegro,Europe & Central Asia,2014,,
1320,Montenegro,Europe & Central Asia,2015,,
1321,Montenegro,Europe & Central Asia,2016,,
1322,Montenegro,Europe & Central Asia,2017,,
1323,Montenegro,Europe & Central Asia,2018,,
1324,Montenegro,Europe & Central Asia,2019,,
1325,Montenegro,Europe & Central Asia,2020,,
1326,Montenegro,Europe & Central Asia,2021,,
1327,Montenegro,Europe & Central Asia,2022,,
1328,Montenegro,Europe & Central Asia,2023,,
1329,Montenegro,Europe & Central Asia,2024,,25.7976
1330,New Zealand,East Asia & Pacific,1990,,
1331,New Zealand,East Asia & Pacific,1991,,
1332,New Zealand,East Asia & Pacific,1992,,
1333,New Zealand,East Asia & Pacific,1993,,
1334,New Zealand,East Asia & Pacific,1994,,
1335,New Zealand,East Asia & Pacific,1995,,
1336,New Zealand,East Asia & Pacific,1996,,
1337,New Zealand,East Asia & Pacific,1997,,
1338,New Zealand,East Asia & Pacific,1998,,
1339,New Zealand,East Asia & Pacific,1999,,
1340,New Zealand,East Asia & Pacific,2000,,
1341,New Zealand,East Asia & Pacific,2001,,
1342,New Zealand,East Asia & Pacific,2002,,
1343,New Zealand,East Asia & Pacific,2003,,
1344,New Zealand,East Asia & Pacific,2004,,
1345,New Zealand,East Asia & Pacific,2005,,
1346,New Zealand,East Asia & Pacific,2006,,
1347,New Zealand,East Asia & Pacific,2007,,
1348,New Zealand,East Asia & Pacific,2008,,
1349,New Zealand,East Asia & Pacific,2009,,
1350,New Zealand,East Asia & Pacific,2010,,12.43
1351,New Zealand,East Asia & Pacific,2011,,15.37
1352,New Zealand,East Asia & Pacific,2012,,5.75
1353,New Zealand,East Asia & Pacific,2013,,1.67
1354,New Zealand,East Asia & Pacific,2014,,2.68
1355,New Zealand,East Asia & Pacific,2015,,4.93
1356,New Zealand,East Asia & Pacific,2016,,13.03
1357,New Zealand,East Asia & Pacific,2017,,12.51390628
1358,New Zealand,East Asia & Pacific,2018,,15.22435739
1359,New Zealand,East Asia & Pacific,2019,,17.53254126
1360,New Zealand,East Asia & Pacific,2020,,14.304
1361,New Zealand,East Asia & Pacific,2021,,25.75989
1362,New Zealand,East Asia & Pacific,2022,,52.6224
1363,New Zealand,East Asia & Pacific,2023,,34.19875
1364,New Zealand,East Asia & Pacific,2024,,35.105